case,start,goal,method,path_cost,expanded,efficiency
1,"(2,4)","(4,8)",BranchAndBound,100,178,0.0618
1,"(2,4)","(4,8)",AStar-Euclidean,100,174,0.0632
1,"(2,4)","(4,8)",AStar-Manhattan,100,173,0.0636
1,"(2,4)","(4,8)",AStar-Ascent,100,43,0.2558
1,"(2,4)","(4,8)",AStar-Manhattan+Ascent,100,42,0.2619
1,"(2,4)","(4,8)",AStar-AbsHeight,100,46,0.2391
2,"(2,4)","(8,12)",BranchAndBound,144,231,0.0649
2,"(2,4)","(8,12)",AStar-Euclidean,144,229,0.0655
2,"(2,4)","(8,12)",AStar-Manhattan,144,229,0.0655
2,"(2,4)","(8,12)",AStar-Ascent,144,159,0.0943
2,"(2,4)","(8,12)",AStar-Manhattan+Ascent,144,118,0.1271
2,"(2,4)","(8,12)",AStar-AbsHeight,150,174,0.1207
3,"(2,4)","(10,15)",BranchAndBound,43,114,0.2105
3,"(2,4)","(10,15)",AStar-Euclidean,43,98,0.2449
3,"(2,4)","(10,15)",AStar-Manhattan,43,95,0.2526
3,"(2,4)","(10,15)",AStar-Ascent,43,114,0.2105
3,"(2,4)","(10,15)",AStar-Manhattan+Ascent,43,95,0.2526
3,"(2,4)","(10,15)",AStar-AbsHeight,69,158,0.1266
