map,method,n,mean_expanded,median_expanded,mean_expanded_ratio,pct_optimal,mean_cost_excess_pct,max_cost_excess_pct,mean_efficiency,mean_time_ms,mean_h_start_ratio
tmc16,BranchAndBound,200,147.8,146.0,1.0000,100.0,0.000,0.000,0.1422,0.143,0.0000
tmc16,AStar-Euclidean,200,129.9,128.0,0.8300,100.0,0.000,0.000,0.1948,0.126,0.2039
tmc16,AStar-Manhattan,200,125.5,117.5,0.7936,100.0,0.000,0.000,0.2153,0.118,0.2699
tmc16,AStar-Ascent,200,110.1,106.0,0.7944,100.0,0.000,0.000,0.1844,0.086,0.2383
tmc16,AStar-Manhattan+Ascent,200,80.0,73.0,0.5567,100.0,0.000,0.000,0.2966,0.059,0.5082
tmc16,AStar-AbsHeight,200,104.6,103.0,0.7646,71.0,16.893,454.545,0.2110,0.082,1.7204
smooth64,BranchAndBound,100,2359.5,2392.0,1.0000,100.0,0.000,0.000,0.0259,22.382,0.0000
smooth64,AStar-Euclidean,100,1483.8,1222.0,0.5726,100.0,0.000,0.000,0.0588,11.307,0.4928
smooth64,AStar-Manhattan,100,1208.9,877.0,0.4505,100.0,0.000,0.000,0.0941,8.629,0.6442
smooth64,AStar-Ascent,100,1862.9,1738.5,0.8177,100.0,0.000,0.000,0.0316,14.362,0.1491
smooth64,AStar-Manhattan+Ascent,100,594.8,482.0,0.2460,100.0,0.000,0.000,0.1291,1.972,0.7933
smooth64,AStar-AbsHeight,100,1736.5,1594.5,0.7121,78.0,2.712,51.111,0.0558,12.338,0.6285
rolling64,BranchAndBound,100,2622.2,2685.0,1.0000,100.0,0.000,0.000,0.0241,26.936,0.0000
rolling64,AStar-Euclidean,100,1998.4,1907.0,0.7353,100.0,0.000,0.000,0.0348,17.258,0.2710
rolling64,AStar-Manhattan,100,1814.2,1715.5,0.6622,100.0,0.000,0.000,0.0400,14.791,0.3534
rolling64,AStar-Ascent,100,2073.2,2031.0,0.8090,100.0,0.000,0.000,0.0310,17.850,0.1315
rolling64,AStar-Manhattan+Ascent,100,1277.2,1142.0,0.4848,100.0,0.000,0.000,0.0567,7.919,0.4849
rolling64,AStar-AbsHeight,100,2980.9,2175.0,1.1071,44.0,7.546,126.316,0.0317,25.154,0.4361
rugged64,BranchAndBound,100,2796.6,3023.5,1.0000,100.0,0.000,0.000,0.0237,30.195,0.0000
rugged64,AStar-Euclidean,100,2433.4,2488.0,0.8545,100.0,0.000,0.000,0.0282,23.829,0.1540
rugged64,AStar-Manhattan,100,2321.7,2267.5,0.8105,100.0,0.000,0.000,0.0300,22.074,0.1999
rugged64,AStar-Ascent,100,2528.1,2579.5,0.9095,100.0,0.000,0.000,0.0261,25.107,0.0723
rugged64,AStar-Manhattan+Ascent,100,2035.2,1878.0,0.7175,100.0,0.000,0.000,0.0337,17.400,0.2722
rugged64,AStar-AbsHeight,100,3062.4,2851.5,1.0960,63.0,1.856,21.739,0.0231,29.579,0.1613
